shape,size_mm,mass_g,strategy,success,drift_mm,n_contact_bodies,min_contacts,grip_N,servo_deg,contacts
sphere,40,50,power,1,5.0,4,3,6.91,180 60 60 60 60,"middle_mid,ring_dist,ring_prox,world"
sphere,40,200,power,1,6.4,3,3,7.28,180 60 60 60 60,"middle_mid,ring_prox,world"
sphere,50,50,power,1,7.8,3,3,12.2,180 60 60 60 60,"middle_mid,ring_dist,world"
sphere,50,200,power,1,4.4,3,3,13.1,180 60 60 60 60,"middle_mid,ring_dist,world"
sphere,60,50,power,1,17.3,5,4,16.08,180 60 60 60 60,"index_mid,middle_dist,middle_mid,ring_dist,world"
sphere,60,200,power,1,15.5,4,4,14.37,180 60 60 60 60,"index_mid,middle_dist,ring_dist,world"
sphere,70,50,power,1,17.0,4,4,10.7,180 60 60 60 60,"index_mid,middle_dist,ring_dist,world"
sphere,70,200,power,1,17.3,5,4,19.7,180 60 60 60 60,"index_mid,middle_dist,pinky_dist,ring_dist,world"
cylinder,30x80,50,power,1,6.8,5,7,10.65,180 60 60 60 60,"index_mid,middle_mid,pinky_mid,ring_mid,world"
cylinder,30x80,200,power,1,3.0,5,7,14.05,180 60 60 60 60,"index_mid,middle_prox,pinky_mid,ring_mid,world"
cylinder,40x80,50,power,1,13.0,5,5,14.8,180 60 60 60 60,"index_mid,middle_mid,pinky_mid,ring_mid,world"
cylinder,40x80,200,power,1,5.8,5,6,18.04,180 60 60 60 60,"index_mid,middle_mid,pinky_mid,ring_mid,world"
cylinder,50x80,50,power,1,23.1,7,5,17.52,180 60 60 60 60,"index_mid,index_prox,middle_dist,pinky_dist,pinky_mid,ring_mid,world"
cylinder,50x80,200,power,1,10.6,5,5,18.88,180 60 60 60 60,"index_mid,middle_mid,pinky_mid,ring_mid,world"
cylinder,60x80,50,power,1,31.1,5,4,19.17,180 60 60 63 60,"index_mid,index_prox,middle_dist,pinky_dist,ring_dist"
cylinder,60x80,200,power,0,2231.3,0,0,0.0,180 60 60 60 60,
box,40x40x40,50,power,1,9.7,3,5,15.2,180 60 60 60 60,"middle_mid,ring_mid,world"
box,40x40x40,200,power,1,3.8,3,5,12.8,180 60 60 60 60,"middle_mid,ring_mid,world"
box,50x50x50,50,power,1,11.5,5,7,15.13,180 60 60 63 60,"middle_mid,pinky_dist,pinky_prox,ring_mid,world"
box,50x50x50,200,power,1,9.2,5,5,16.36,180 60 63 60 60,"middle_mid,pinky_dist,pinky_prox,ring_mid,world"
box,40x30x80,50,power,1,5.5,7,9,53.36,180 60 60 60 60,"index_mid,index_prox,middle_mid,pinky_mid,pinky_prox,ring_mid,world"
box,40x30x80,200,power,1,4.6,7,6,60.92,180 60 60 60 60,"index_mid,index_prox,middle_mid,pinky_mid,pinky_prox,ring_mid,world"
box,60x40x60,50,power,1,11.1,6,7,29.1,180 60 66 66 60,"index_mid,middle_mid,pinky_dist,pinky_mid,ring_mid,world"
box,60x40x60,200,power,1,6.3,6,7,32.55,180 60 69 60 60,"index_mid,middle_mid,pinky_dist,pinky_mid,ring_mid,world"
